N,P,K,temperature,humidity,ph,rainfall,label
90,42,43,20.9,82.0,6.5,202.9,rice
85,58,41,21.8,80.3,6.2,225.6,rice
60,55,44,23.0,82.0,6.1,215.9,rice
74,35,40,21.0,80.0,6.4,210.0,rice
78,42,42,22.0,78.0,6.3,220.0,rice
40,72,77,20.5,18.3,7.0,88.0,maize
35,65,75,23.2,22.1,6.8,70.0,maize
45,70,80,25.0,25.0,6.9,95.0,maize
52,60,70,24.0,20.0,6.7,85.0,maize
50,62,72,22.5,24.0,6.8,90.0,maize
20,55,18,18.5,60.0,6.2,75.0,chickpea
25,58,20,19.2,55.0,6.4,68.0,chickpea
30,60,25,20.0,58.0,6.5,72.0,chickpea
18,52,17,17.5,62.0,6.3,80.0,chickpea
22,50,20,21.0,59.0,6.1,77.0,chickpea
30,25,30,26.0,45.0,6.7,100.0,cotton
35,30,35,28.0,50.0,6.8,110.0,cotton
40,28,32,29.0,55.0,6.5,120.0,cotton
32,26,29,27.0,48.0,6.6,105.0,cotton
38,32,36,30.0,52.0,6.9,115.0,cotton
70,45,35,25.0,65.0,6.4,160.0,wheat
65,42,32,22.5,60.0,6.5,145.0,wheat
72,50,40,24.0,62.0,6.6,150.0,wheat
60,40,30,21.0,58.0,6.3,135.0,wheat
68,47,36,23.0,64.0,6.7,155.0,wheat
10,35,15,27.0,70.0,6.0,95.0,lentil
15,40,18,24.0,65.0,6.2,90.0,lentil
12,38,17,25.5,68.0,6.1,100.0,lentil
18,42,20,26.0,72.0,6.3,105.0,lentil
14,36,16,23.5,63.0,6.0,88.0,lentil
80,35,40,24.0,75.0,6.2,180.0,sugarcane
85,38,45,27.0,78.0,6.5,200.0,sugarcane
75,40,38,26.0,80.0,6.3,190.0,sugarcane
90,42,48,28.0,82.0,6.6,210.0,sugarcane
82,37,44,25.0,77.0,6.4,195.0,sugarcane
